ID_PACIENTE;GENERO;NOMBRE;APELLIDO;TELEFONO_FIJO;CELULAR;F_NACIMIENTO;EMAIL;DIRECCION;F_REGISTRO
112233445;Masculino;David;Aguilar;911-653-232;4121234567;17/11/1968;david.garcia@mail.com;Rambla de Carmen Toro #73-79, Cantabria, Colombia;12/03/2020
132334657;Femenino;Maria;Leon;912-334-222;4142457890;30/05/1985;maria.sanchez@mail.com;Urbanización Ricarda Lopez #52-48, León, Colombia;3/09/2023
141348678;Masculino;Jorge;Cabrera;913-443-112;4261237890;10/03/1990;jorge.lopez@mail.com;Calle de Begoña Blazquez #44-52, Guipúzcoa, Colombia;21/02/2022
151346778;Otro;Alex;Solis;914-553-982;4241234567;23/07/1979;alex.torres@mail.com;Via Cleto Viñas #90-19, León, Colombia;15/11/2021
161349872;Femenino;Laura;Cruz;915-887-334;4161678900;2/12/1995;laura.ruiz@mail.com;Pasaje Noé Llanos #52-53, Alicante, Colombia;9/01/2024
172652389;Masculino;Pedro;Fernandez;916-445-665;4262457891;8/08/1975;pedro.fernandez@mail.com;Calle de Atocha, 45, Madrid;18/06/2020
113876489;Femenino;Carmen;Moreno;917-332-889;4241234789;22/04/1988; carmen.moreno@mail.com;Av. de América, 12, Valencia;7/03/2023
123465789;Masculino;Juan;Castro;918-223-443;4261457888;15/09/1982; juan.castro@mail.com;C/ Mayor, 18, Sevilla;27/12/2019
134567834;Otro;Sam;Romero;919-123-764;4262450001;29/11/1993;sam.romero@mail.com;Calle Colón, 101, Zaragoza;14/07/2022
111347678;Femenino;Ana;Delgado;910-999-321;4121678990;5/06/1981; ana.delgado@mail.com;Calle Real, 5, Bilbao;1/08/2021
112356478;Masculino;Manuel;Herrera;911-888-222;4141238900;19/01/1970;manuel.herrera@mail.com;Paseo del Prado, 3, Madrid;21/10/2023
125674567;Femenino;Rosa;Vargas;912-787-333;4162450010;3/09/1987;rosa.vargas@mail.com;Av. Libertador, 100, Barcelona;28/02/2024
127658976;Masculino;Alberto;Diaz;913-663-999;4261234444;26/02/1973;alberto.diaz@mail.com;C/ Gran Vía, 59, Málaga;11/05/2022
115467876;Otro;Dani;Rios;914-223-221;4241678901;14/06/1996;dani.rios@mail.com;Calle La Paz, 8, Alicante;17/12/2020
116546789;Femenino;Isabel;Mendez;915-882-881;4262491891;7/10/1989;isabel.mendez@mail.com;C/ San Juan, 34, Valladolid;6/08/2023
121376567;Masculino;Sergio;Molina;916-999-123;4121679999;12/04/1984; sergio.molina@mail.com;Calle Serrano, 8, Madrid;22/04/2021
127635467;Femenino;Elena;Paredes;917-331-344;4241237891;10/11/1992;elena.paredes@mail.com;C/ Los Olivos, 90, Murcia;1/11/2022
172846483;Masculino;Andres;Ortega;918-111-676;4262458900;29/08/1980; andres.ortega@mail.com;Av. Sol, 25, Córdoba;15/01/2020
137823743;Femenino;Patricia;Soto;919-445-543;4161679988;20/05/1978;patricia.soto@mail.com;C/ Luna, 66, Granada;30/06/2023
128438949;Otro;Taylor;Gil;910-776-800;4241230002;7/03/1991;taylor.gil@mail.com;Calle Nueva, 30, Salamanca;18/04/2024
198213457;Masculino;Tomas;Peña;911-003-877;4261450022;11/09/1965;tomas.pena@mail.com;C/ Marqués, 19, Santander;3/03/2021
111111111;Femenino;Antonia;Vargas;912-990-111;4141678999;22/02/1986;antonia.vargas@mail.com;Plaza Mayor, 2, Burgos;10/05/2023
122222223;Masculino;Ignacio;Fuentes;913-456-777;4261238888;6/07/1977; ignacio.fuentes@mail.com;Calle Jardines, 88, León;23/08/2022
111232222;Otro;Chris;Mena;914-778-555;4162450030;28/01/1994;chris.mena@mail.com;Calle Norte, 6, Cuenca;14/07/2020
112222322;Femenino;Clara;Rojas;915-665-321;4242457892;9/12/1993;clara.rojas@mail.com;Av. Universidad, 7, Cádiz;1/10/2021
111112223;Masculino;Pablo;Aguilar;916-332-787;4261237877;15/06/1976;pablo.aguilar@mail.com;Calle Sol, 14, Huelva;9/11/2019
111111112;Otro;Julia;Leon;917-445-877;4261237893;18/03/1982;julia.leon@mail.com;C/ Esperanza, 44, Toledo;4/04/2022
111111113;Masculino;Enrique;Cabrera;918-554-998;4262450040;25/08/1989;enrique.cabrera@mail.com;Calle Verde, 10, Segovia;12/12/2023
111111114;Femenino;Alicia;Solis;919-332-211;4141670001;13/10/1990;alicia.solis@mail.com;Av. Sur, 20, Guadalajara ;16/05/2020
111111115;Otro;Robin;Cruz;910-882-123;4261230005;1/04/1981;robin.cruz@mail.com;C/ Romero, 6, Almería;20/02/2023
111111116;Masculino;Luis;Navarro;911-654-200;4241230006;19/07/1980;luis.navarro@mail.com;Calle Castilla, 3, Badajoz;7/07/2021
111111117;Femenino;Teresa;Bravo;912-998-441;4162450070;25/02/1992;teresa.bravo@mail.com;Av. del Mar, 27, Ciudad Real;23/11/2023
111111118;Masculino;Felipe;Romero;913-776-900;4121679998;11/06/1979;felipe.romero@mail.com;Calle Alta, 8, Jaén;2/10/2022
111111119;Otro;Ariel;Delgado;914-337-887;4261238999;6/03/1986;ariel.delgado@mail.com;C/ Olivo, 55, Melilla;8/09/2020
111111310;Femenino;Lucia;Ramos;915-002-445;4262450080;1/01/1994;lucia.ramos@mail.com;Av. Principal, 22, Teruel;10/03/2024
111111312;Masculino;Javier;Marquez; 916-441-665;4141234456;14/11/1981;javier.marquez@mail.com;Calle Flor, 99, Castellón;4/06/2021
111111313;Femenino;Nuria;Castro;917-222-667;4261237875;30/08/1987;nuria.castro@mail.com;C/ Jazmín, 88, Lugo;17/07/2023
111111314;Masculino;Ruben;Dominguez;918-101-999;4141678902;5/10/1974;ruben.dominguez@mail.com;Calle Azul, 21, Zamora;28/01/2022
111111315;Femenino;Beatriz;Parra;919-443-331;4181629902;16/12/1995; beatriz.parra@mail.com;C/ Bronce, 15, Ávila;14/08/2020
111111316;Otro;Morgan;Reyes;910-123-678;4141688912;9/05/1990;morgan.reyes@mail.com;Av. Las Delicias, 31, Ceuta;5/05/2024
